Abbey Road,51.53195199,0.003737785607,3,E15 3NB
Abbey Wood,51.49078408,0.1202863713,4,SE2 9RH
Acton,51.51688696,-0.2676755426,3,W3 0BP
Acton Central,51.50875781,-0.2634157923,2,W3 6BD
Acton Town,51.50307148,-0.2802882962,3,W3 8HN
Addington Village,51.35623859,-0.03265074107,6,CR0 5AR
Addiscombe,51.3798083,-0.07319891615,5,CR0 7AA
Albany Park,51.43581559,0.126459022,5,DA5 3HP
Aldgate,51.51434239,-0.07561250371,1,EC3N 1AH
Aldgate East,51.51508163,-0.07298705355,1,E1 7PT
Alexandra Palace,51.59826284,-0.1201345367,3,N22 7ST
All Saints,51.51047693,-0.01261047763,2,E14 0EH
Alperton,51.54120931,-0.2995013415,4,HA0 4LL
Amersham,51.67412939,-0.6064993306,9,HP6 5AZ
Ampere Way,51.38229943,-0.1236224319,5,CR0 3JX
Anerley,51.41251673,-0.06512272319,4,SE20 8AG
Angel,51.53296803,-0.1055670341,1,N1 8XB
Angel Road,51.61242033,-0.0487184794,4,N18 3AY
Archway,51.56549055,-0.1351071516,2,N19 5RQ
Arena,51.39152276,-0.05830417973,4,SE25 4RY
Arnos Grove,51.61623016,-0.1342557776,4,N11 1AN
Arsenal,51.55854139,-0.1054855107,2,N5 1LP
Avenue Road,51.40679799,-0.04943256197,4,BR3 4NJ
Baker Street,51.52312964,-0.1568897827,1,NW1 5LA
Balham,51.44318258,-0.1526707768,3,SW12 9SG
Bank,51.51334707,-0.08898571533,1,EC3V 3LA
Banstead,51.32929315,-0.2131179854,6,SM7 1RB
Barbican,51.5202153,-0.09770716785,1,EC1A 4JA
Barking,51.5395211,0.0808460269,4,IG11 8TU
Barkingside,51.5858506,0.08849107117,4,IG6 1NB
Barnehurst,51.46478027,0.1609624157,6,DA7 6HQ
Barnes,51.4671278,-0.2420186681,3,SW13 0LW
Barnes Bridge,51.47222808,-0.2523482215,3,SW13 0NR
Barons Court,51.49022871,-0.2134157438,2,W14 9DP
Battersea Park,51.47731834,-0.1481093644,2,SW8 4NB
Bayswater,51.51211131,-0.1878871657,1,W2 4QH
Beckenham Hill,51.42462606,-0.01648138125,4,SE6 3NU
Beckenham Junction,51.41094164,-0.02568736271,4,BR3 1HY
Beckenham Road,51.40952975,-0.04337754608,4,BR3 4RR
Beckton,51.51437662,0.06153970589,3,E6 5NT
Beckton Park,51.50890079,0.05483634609,3,E6 5NE
Becontree,51.53958539,0.1268947086,5,RM9 4TP
Beddington Lane,51.3892399,-0.1421240648,5,CR0 4TF
Belgrave Walk,51.40096167,-0.1784821008,5,CR4 4NY
Bellingham,51.4338649,-0.02039738668,3,SE6 3BT
Belmont,51.34411995,-0.1994748977,5,SM2 6BH
Belsize Park,51.5501909,-0.1639600724,2,NW3 2AL
Belvedere,51.49195898,0.1520481938,5,DA17 6JW
Bermondsey,51.49796079,-0.06431568627,2,SE16 4RX
Berrylands,51.39876844,-0.280307105,5,KT5 8LT
Bethnal Green,51.52719175,-0.05537769862,2,E2 0ET
Bethnal Green Rail,51.52428275,-0.05999933052,2,E2 6JL
Bexley,51.44081451,0.1482182987,6,DA5 1AQ
Bexleyheath,51.46354994,0.1333773579,5,DA7 4AA
Bickley,51.40037956,0.04431840471,5,BR1 2EB
Birkbeck,51.4038631,-0.0562718615,4,BR3 4TA
Blackfriars,51.51158694,-0.1029809772,1,EC4V 4DD
Blackheath,51.46540801,0.00835098825,3,SE3 9LE
Blackhorse Lane,51.38474619,-0.07051957967,5,CR0 6NL
Blackhorse Road,51.58577663,-0.03961128003,3,E17 6JJ
Blackwall,51.50783154,-0.00722075898,2,E14 9QB
Bond Street,51.51379754,-0.1495992011,1,W1C 2HU
Borough,51.50104888,-0.0941829184,1,SE1 1JX
Boston Manor,51.49576557,-0.3247327859,4,TW8 9LQ
Bounds Green,51.60703194,-0.1241626274,3,N11 2EU
Bow Church,51.52761521,-0.02048548606,2,E3 3AA
Bow Road,51.52704181,-0.02434517771,2,E3 4DH
Bowes Park,51.60724953,-0.1197777809,4,N22 8NL
Brent Cross,51.57659924,-0.213321412,3,NW11 9UA
Brentford,51.48753634,-0.3096081364,4,TW8 9LF
Brentwood,51.6136103,0.2996872563,7,CM14 4EW
Brimsdown,51.65524462,-0.03107782337,5,EN3 7NA
Brixton,51.46273682,-0.1145377049,2,SW9 8HE
Brockley,51.46474967,-0.03773385721,2,SE4 2RW
Bromley North,51.40894231,0.01724982775,4,BR1 3NN
Bromley South,51.40000129,0.01737395349,5,BR1 1LX
Bromley-by-Bow,51.5248402,-0.01166796209,2,E3 3BT
Brondesbury,51.54526239,-0.2028240671,2,NW6 7QL
Brondesbury Park,51.54032539,-0.2104595296,2,NW6 6RP
Broxbourne,51.74701557,-0.01100960096,9,EN10 7AW
Bruce Grove,51.59401125,-0.07038455552,3,N17 8AD
Buckhurst Hill,51.62657665,0.04672698576,5,IG9 5ET
Burnt Oak,51.60255194,-0.2643162756,4,HA8 0LA
Bush Hill Park,51.64148197,-0.06926596331,5,EN1 1BA
Bushey,51.64554421,-0.3847070912,8,WD19 4ST
Caledonian Road,51.54788546,-0.1183464424,2,N7 9BA
Caledonian Road and Barnsbury,51.54328459,-0.1151904387,2,N1 0SL
Cambridge Heath,51.53205977,-0.05718878629,2,E2 7NA
Camden Road,51.54185125,-0.1391886949,2,NW1 9LQ
Camden Town,51.53996937,-0.1424379641,2,NW1 8NH
Canada Water,51.49816842,-0.05079271714,2,SE16 7BB
Canary Wharf,51.50357841,-0.0194524346,2,E14 4QS
Canning Town,51.51387029,0.008320041548,3,E16 1DQ
Cannon Street,51.5113621,-0.09023611889,1,EC4N 6AP
Canonbury,51.5481884,-0.0925597762,2,N1 2PG
Canons Park,51.60765061,-0.2943771583,5,HA8 6RN
Carpenders Park,51.62818676,-0.3858148791,7,WD19 7DT
Carshalton,51.36842639,-0.1663839649,5,SM5 2HT
Carshalton Beeches,51.35738686,-0.1694819665,5,SM5 3LG
Castle Bar Park,51.52297371,-0.3314896649,4,W7 1AY
Caterham,51.28216283,-0.07859296236,6,CR3 6LB
Catford,51.44426491,-0.0265241117,3,SE6 4XT
Catford Bridge,51.44469463,-0.02480748891,3,SE6 4RE
Centrale,51.37576748,-0.1038737384,5,CR0 1XT
Chadwell Heath,51.56804686,0.1289155375,5,RM6 4BE
Chafford Hundred,51.48555446,0.2874901004,7,RM16 6QQ
Chalfont and Latimer,51.66790755,-0.5610533204,8,HP7 9PR
Chalk Farm,51.5441491,-0.1537186526,2,NW3 2BP
Chancery Lane,51.51849403,-0.1119476172,1,WC1V 6DR
Charing Cross,51.50835864,-0.1247885311,1,WC2N 5HS
Charlton,51.48683498,0.03095604508,3,SE7 7AB
Cheam,51.35546027,-0.2141969246,5,SM3 8RZ
Chelsfield,51.35626457,0.108998479,6,BR6 6EU
Chesham,51.7053801,-0.6114151884,9,HP5 1DH
Cheshunt,51.70287332,-0.02387294672,8,EN8 9AQ
Chessington North,51.36424348,-0.3004617672,6,KT9 2RT
Chessington South,51.35670457,-0.3070746614,6,KT9 2DD
Chigwell,51.61785786,0.07619365669,4,IG7 6NT
Chingford,51.63325337,0.009528772109,5,E4 6AL
Chipstead,51.309275,-0.1694315249,6,CR5 3TD
Chislehurst,51.4055984,0.05750619621,5,BR7 5NN
Chiswick,51.48078153,-0.2669989236,3,W4 2QE
Chiswick Park,51.49437075,-0.2677225197,3,W4 5NE
Chorleywood,51.65426599,-0.5183194739,7,WD3 5ND
Church Street,51.37370657,-0.1043324641,5,CR0 1RN
City Thameslink,51.51393508,-0.1036040404,1,EC4M 7JH
Clapham Common,51.46180369,-0.1383005101,2,SW4 7AJ
Clapham High Street,51.46546953,-0.1324501091,2,SW4 6DQ
Clapham Junction,51.4643668,-0.1703006091,2,SW11 2QP
Clapham North,51.46491623,-0.1298956695,2,SW4 7TS
Clapham South,51.45267651,-0.1479696801,2,SW12 9DU
Clapton,51.56156909,-0.05747503459,2,E5 9JP
Clock House,51.40854057,-0.04068771691,4,BR3 4PR
Cobham and Stoke D'Abernon,51.31834724,-0.3890219985,6,KT11 3BW
Cockfosters,51.6520245,-0.1499022586,5,EN4 0DZ
Colindale,51.59523055,-0.2502731093,4,NW9 5HR
Colliers Wood,51.41875921,-0.177400721,3,SW19 2HR
Coombe Lane,51.35978932,-0.0595172109,6,CR0 5RF
Coulsdon South,51.31580096,-0.1378887436,6,CR5 3EA
Covent Garden,51.51276025,-0.1244924862,1,WC2E 9JT
Crayford,51.44854673,0.1785171044,6,DA1 3PY
Crews Hill,51.68447462,-0.1068296379,6,EN2 8AY
Cricklewood,51.55842269,-0.2125335113,3,NW2 1HL
Crofton Park,51.4551793,-0.03653219151,3,SE4 2RA
Crossharbour and London Arena,51.49583998,-0.01491840998,2,E14 8AD
Crouch Hill,51.57132711,-0.117118858,3,N4 4AU
Croxley,51.64700533,-0.4415893477,7,WD3 3DY
Crystal Palace,51.41817036,-0.07259285406,4,SE19 2AZ
Custom House,51.50962205,0.02578691773,3,E16 3BX
Cutty Sark for Maritime Greenwich,51.48194447,-0.01056746798,2,SE10 9SW
Cyprus,51.50852657,0.06385516294,3,E6 5PH
Dagenham Dock,51.52628718,0.1450454267,5,RM9 6RA
Dagenham East,51.54418732,0.16584785,5,RM10 8AA
Dagenham Heathway,51.54121177,0.1476941376,5,RM9 5AN
Dalston Junction,51.54609372,-0.07497978586,2,E8 3DL
Dalston Kingsland,51.54866783,-0.07621250217,2,E8 2JS
Dartford,51.44739962,0.2180979361,2,DA1 1BP
Debden,51.64549199,0.08381592529,6,IG10 3TG
Denmark Hill,51.46820065,-0.09097347517,2,SE5 8BB
Deptford,51.47889009,-0.02618192179,2,SE8 3NU
Deptford Bridge,51.47447677,-0.02203803241,3,SE10 8BU
Devons Road,51.52225847,-0.01799334274,2,E3 3QX
Dollis Hill,51.55185062,-0.238783341,3,NW10 5NB
Drayton Green,51.51600472,-0.3295968505,4,W13 0JX
Drayton Park,51.55307832,-0.1057557786,2,N5 1NT
Dundonald Road,51.41739817,-0.2075127343,3,SW19 3QJ
Ealing Broadway,51.51486201,-0.3019959725,3,W5 2NU
Ealing Common,51.51024869,-0.2871370104,3,W5 3LD
Earls Court,51.4913567,-0.1942994077,1,SW5 9QA
Earlsfield,51.44223883,-0.1872583024,3,SW18 4SW
East Acton,51.51626344,-0.2480978154,2,W12 0BP
East Croydon,51.37571611,-0.09184913063,5,CR0 1LF
East Dulwich,51.46162559,-0.08042217916,2,SE22 8EF
East Finchley,51.58733256,-0.1647294541,3,N2 0NW
East Ham,51.53924616,0.05153071013,3,E6 2JA
East India,51.50868401,-0.00235592438,2,E14 9PS
East Putney,51.45887981,-0.2109838428,3,SW15 6SN
Eastcote,51.57655187,-0.3968088711,5,HA5 1QZ
Eden Park,51.39079611,-0.02665534543,5,BR3 3HQ
Edgware,51.61422966,-0.2750792261,5,HA8 7AW
Edgware Road (Bakerloo),51.52064538,-0.1705251407,1,W2 1DY
Edgware Road (Circle/District/Hammersmith and City),51.51999806,-0.1676538436,1,NW1 5DH
Edmonton Green,51.62511571,-0.06162457546,4,N9 9DX
Elephant and Castle,51.49584939,-0.1007243117,2,SE1 6LW
Elm Park,51.54912456,0.1972671018,6,RM12 4RW
Elmers End,51.39829111,-0.04944945981,4,BR3 4EJ
Elmstead Woods,51.41708063,0.04424372108,4,BR7 5EW
Elstree and Borehamwood,51.65287561,-0.2798141668,6,WD6 3LS
Eltham,51.45566221,0.0523436982,4,SE9 6UB
Elverson Road,51.46837219,-0.01680198174,3,SE8 4LA
Embankment,51.50731251,-0.1223529298,1,WC2N 6NS
Emerson Park,51.56911488,0.2202373605,6,RM11 2JR
Enfield Chase,51.65272212,-0.09068975273,5,EN2 7AA
Enfield Lock,51.67084613,-0.02837661157,6,EN3 6BW
Enfield Town,51.65197008,-0.07931546957,5,EN1 1YB
Epping,51.69368615,0.1138400185,6,CM16 4HW
Epsom Downs,51.32365947,-0.2389558778,6,KT17 4JX
Erith,51.48164765,0.1742756878,6,DA8 1TY
Essex Road,51.54063332,-0.09635110866,2,N1 2SU
Euston,51.52866435,-0.1332820584,1,NW1 2DU
Euston Square,51.52866435,-0.1332820584,1,NW1 2BN
Ewell East,51.34524391,-0.2414886456,6,KT17 1QR
Ewell West,51.34999117,-0.2570747758,6,KT17 1TU
Fairlop,51.59610953,0.09060771421,4,IG6 3HD
Falconwood,51.45908579,0.07852408455,4,SE9 2RN
Farringdon,51.5201957,-0.1048286512,1,EC1M 6BY
Feltham,51.44787922,-0.4098100933,6,TW13 4BY
Fenchurch Street,51.51156672,-0.07853974474,1,EC3M 4AJ
Fieldway,51.35131701,-0.02448890759,5,CR0 0QA
Finchley Central,51.60090327,-0.1932062006,4,N3 2RY
Finchley Road,51.54709622,-0.1800361413,2,NW6 3BS
Finchley Road and Frognal,51.55011952,-0.1836367825,2,NW3 5HT
Finsbury Park,51.56463546,-0.1058670614,2,N4 3JU
Forest Gate,51.54931612,0.0242035115,3,E7 0QH
Forest Hill,51.43930832,-0.05331411908,3,SE23 3HD
Fulham Broadway,51.48026093,-0.1955297656,2,SW6 1BY
Fulwell,51.43394261,-0.3494241414,6,TW2 5NY
Gallions Reach,51.50903413,0.07178980169,3,E6 6FZ
Gants Hill,51.57655294,0.0660985264,4,IG2 6UD
George Street,51.37396607,-0.09870374038,5,CRO 1LA
Gidea Park,51.58186572,0.2059914108,6,RM2 6BX
Gipsy Hill,51.42446953,-0.08382078685,3,SE19 1PL
Gloucester Road,51.49449958,-0.1835291569,1,SW7 4SF
Golders Green,51.57221556,-0.194820132,3,NW11 7RN
Goldhawk Road,51.50207699,-0.2273896013,2,W12 8EG
Goodge Street,51.52061313,-0.1347932793,1,W1T 2HF
Goodmayes,51.56618097,0.1117440796,4,IG3 9UH
Gordon Hill,51.66350225,-0.09445884361,5,EN2 0QU
Gospel Oak,51.55540531,-0.1512866107,2,NW5 1LT
Grange Hill,51.61348041,0.09228696995,4,IG7 5QB
Grange Park,51.64262309,-0.09729997426,5,N21 1RE
Gravel Hill,51.35454326,-0.04310733997,6,CR0 5BJ
Great Portland Street,51.52378881,-0.1439470134,1,W1W 5PP
Green Park,51.5067605,-0.1424631691,1,W1J 7BX
Greenford,51.54198011,-0.3458643227,4,UB6 8PR
Greenwich,51.47754767,-0.01484868625,2,SE10 8JQ
Grove Park,51.43043264,0.02261288471,4,SE12 0PW
Gunnersbury,51.49186344,-0.2751497341,3,W4 5RP
Hackbridge,51.37786092,-0.1538648322,4,SM6 7BJ
Hackney Central,51.54725745,-0.05557509264,2,E8 1LL
Hackney Downs,51.54907809,-0.06017068515,2,E8 1LA
Hackney Wick,51.54355841,-0.02524508463,2,E9 5ER
Hadley Wood,51.66840289,-0.176566732,6,EN4 0EJ
Haggerston,51.53868474,-0.07558084146,2,E8 4DY
Hainault,51.60284531,0.09412298722,4,IG6 3BD
Hammersmith (District),51.4918198,-0.222846527,2,W6 9YA
Hammersmith (Met.),51.49348338,-0.2246257552,2,W6 0ED
Hampstead,51.55654262,-0.1780001377,2,NW3 1QG
Hampstead Heath,51.55519994,-0.1645517614,3,NW3 2QD
Hampton,51.4158796,-0.372120876,6,TW12 2HU
Hampton Court,51.40229392,-0.3427427787,6,KT8 9AE
Hampton Wick,51.41464008,-0.3130892323,6,KT1 4DQ
Hanger Lane,51.53007207,-0.2929817318,3,W5 1DL
Hanwell,51.512186,-0.3380374764,4,W7 3EB
Harlesden,51.53625836,-0.2574812585,3,NW10 8UT
Harold Wood,51.59320219,0.2342185072,6,RM3 0BL
Harringay,51.57735792,-0.1051938237,3,N4 1RW
Harringay Green Lanes,51.5771459,-0.098202963,3,N4 2NU
Harrington Road,51.39979058,-0.06068558162,4,SE25 4NF
Harrow and Wealdstone,51.59259467,-0.3342382516,5,HA3 7RF
Harrow-on-the-Hill,51.57938816,-0.3369870881,5,HA1 1BB
Hatch End,51.60982855,-0.3691643421,6,HA5 5LZ
Hatton Cross,51.46668536,-0.4233661699,5,TW6 3PF
Haydons Road,51.42545734,-0.1889149784,3,SW19 8SL
Hayes,51.37573671,0.01015701788,5,BR2 7EN
Hayes and Harlington,51.50304913,-0.4206274986,5,UB3 4BX
Headstone Lane,51.60249967,-0.3568930778,5,HA2 6NB
Heathrow Terminal 4,51.45978048,-0.4477151986,6,TW6 3AA
Heathrow Terminal 5,51.47002549,-0.4906331087,6,TW6 2GA
Heathrow Terminals 1 2 3,51.47128946,-0.4523928306,6,TW6 1EB
Hendon,51.58007501,-0.238616091,3,NW4 4PT
Hendon Central,51.58313307,-0.2267197095,3,NW4 3AS
Herne Hill,51.45399138,-0.1025485184,2,SE24 0JW
Heron Quays,51.50338657,-0.02193912656,2,E14 4JH
High Barnet,51.65168828,-0.1941509278,5,EN5 5RP
High Street Kensington,51.50072947,-0.191551653,1,W8 5SA
Highams Park,51.60835599,-0.0001208472357,4,E4 9LA
Highbury and Islington,51.54649552,-0.1040677208,2,N1 1SE
Highgate,51.57764663,-0.1469204333,3,N6 5BH
Hillingdon,51.55377757,-0.4498835725,6,UB10 9NR
Hither Green,51.45240172,-0.0009565228707,3,SE13 5NF
Holborn,51.51723575,-0.1198260976,1,WC2B 6AA
Holland Park,51.50714651,-0.2065433713,2,W11 3RB
Holloway Road,51.55281612,-0.1129212759,2,N7 8HS
Homerton,51.54659545,-0.03849792797,2,E9 5SD
Honor Oak Park,51.45064825,-0.04413873224,3,SE23 3LE
Hornchurch,51.55435508,0.2189414181,6,RM12 6LS
Hornsey,51.58647486,-0.1118012064,3,N8 8SE
Hounslow,51.46250486,-0.3617818637,5,TW3 3DL
Hounslow Central,51.47092581,-0.3659437342,4,TW3 1JG
Hounslow East,51.47370794,-0.355260926,4,TW3 4AB
Hounslow West,51.47310576,-0.385693233,5,TW3 3DH
Hoxton,51.53139162,-0.07557123288,2,E2 8HR
Hyde Park Corner,51.50258403,-0.1524597088,1,SW1X 7LY
Ickenham,51.56082511,-0.4415650894,6,UB10 8PD
Ilford,51.55914223,0.06869961399,4,IG1 4DU
Imperial Wharf,51.47493895,-0.1828231083,2,SW6 2HA
Island Gardens,51.48795009,-0.0104789025,2,E14 3FA
Isleworth,51.47503746,-0.3373143688,4,TW7 4BX
Kenley,51.32460032,-0.1012053633,6,CR8 5JA
Kennington,51.48866247,-0.1050562126,2,SE11 4JQ
Kensal Green,51.53052424,-0.2246989701,2,NW10 5JT
Kensal Rise,51.53421509,-0.2208065635,2,NW10 3NT
Kensington (Olympia),51.49787972,-0.2103648387,2,W14 0NE
Kent House,51.41271766,-0.04580117619,4,BR3 1HY
Kentish Town,51.55000954,-0.1404568437,2,NW5 2AA
Kentish Town West,51.54654799,-0.1467419908,2,NW5 3LD
Kenton,51.58149632,-0.3152024366,4,HA3 0XS
Kew Bridge,51.49000465,-0.2888320936,3,TW8 0EF
Kew Gardens,51.47678917,-0.2853666145,3,TW9 3PZ
Kidbrooke,51.46269018,0.02831463182,3,SE3 9NF
Kilburn,51.54694446,-0.2046183,2,NW6 7QL
Kilburn High Road,51.53726776,-0.1910986896,2,NW6 7QL
Kilburn Park,51.53513556,-0.1939516417,2,NW6 5AD
King George V,51.5020086,0.06222061893,3,E16 2JF
King Henry's Drive,51.3453641,-0.02025040153,5,CR0 0LH
King's Cross,51.53079821,-0.1227420073,1,N1 9AL
Kings Cross St. Pancras,51.53031248,-0.1238577156,1,NW1 2BA
Kingsbury,51.58487655,-0.2785871772,4,NW9 9EG
Kingston,51.4126418,-0.3011266634,6,KT1 1UJ
Kingswood,51.29472316,-0.2112188861,6,KT20 6EN
Knightsbridge,51.50135492,-0.1606500813,1,SW3 1ED
Knockholt,51.34575192,0.1308453948,6,TN14 7HR
Ladbroke Grove,51.5172107,-0.2101837627,2,W10 6HJ
Ladywell,51.45619214,-0.0192300105,3,SE13 7XB
Lambeth North,51.49912996,-0.111753857,1,SE1 7XG
Lancaster Gate,51.51189096,-0.1754155205,1,W2 4QH
Langdon Park,51.51888394,-0.01519938857,2,E14 6NW
Latimer Road,51.51395812,-0.2174452573,2,W10 6SZ
Lebanon Road,51.37519901,-0.08495928394,5,CR0 6SF
Lee,51.44945852,0.0133790809,3,SE12 9JG
Leicester Square,51.5112912,-0.1282277396,1,WC2H 0AP
Lewisham,51.46488071,-0.01241830753,3,SE13 7RY
Leyton,51.55813227,-0.006450908801,3,E10 5PS
Leyton Midland Road,51.56936424,-0.0080519211,3,E10 6JT
Leytonstone,51.56852229,0.009154878018,3,E11 1HE
Leytonstone High Road,51.56380734,0.008268893407,3,E11 4RE
Limehouse,51.51231217,-0.03936566944,2,E14 7JD
Liverpool Street,51.51759827,-0.08223521231,1,EC2M 7PR
Lloyd Park,51.36427554,-0.08073191125,5,CR0 5RA
London Bridge,51.50467436,-0.08599119228,1,SE1 2SW
London City Airport,51.50368966,0.04788712103,3,E16 2DS
London Fields,51.54071885,-0.05768526914,2,E8 3PH
Loughborough Junction,51.46667891,-0.1024829476,2,SW9 8SA
Loughton,51.64157047,0.05529352832,6,IG10 4PD
Lower Sydenham,51.42484685,-0.03331596074,4,SE26 5AU
Maida Vale,51.52999508,-0.1854182331,2,W9 1JS
Malden Manor,51.38460957,-0.2611060483,4,KT3 5PN
Manor House,51.57074715,-0.09567054951,2,N4 1BZ
Manor Park,51.55285434,0.04573829117,4,E12 5EP
Mansion House,51.51209176,-0.09418324953,1,EC4N 6JD
Marble Arch,51.51396551,-0.1585568075,1,W1C 2JS
Maryland,51.54566827,0.005696073023,3,E15 1SA
Marylebone,51.52239669,-0.1634781524,1,NW1 6JJ
Maze Hill,51.48301366,0.0032192959,3,SE10 9XG
Merton Park,51.41339163,-0.201327654,5,SW19 3HA
Mile End,51.52531097,-0.03265167192,2,E3 4DH
Mill Hill Broadway,51.61287116,-0.2495226285,4,NW7 2JU
Mill Hill East,51.60831667,-0.2098812743,4,NW7 1BS
Mitcham,51.39748863,-0.170857275,6,CR4 4BD
Mitcham Eastfields,51.40838393,-0.1539873432,3,CR4 2ND
Mitcham Junction,51.39304259,-0.1574222729,4,CR4 4HN
Monument,51.51063043,-0.08617390592,1,EC4R 9AA
Moor Park,51.62993072,-0.4328985823,6,HA6 2JQ
Moorgate,51.51843715,-0.08900327765,1,EC2M 6TX
Morden,51.40218598,-0.1948376081,4,SM4 5AZ
Morden Road,51.40887191,-0.1927913015,5,SW19 3BX
Morden South,51.39630772,-0.2002871903,4,SM4 5AN
Mornington Crescent,51.53436223,-0.1387299346,2,NW1 2JA
Mortlake,51.46816797,-0.2671889197,3,SW14 8LN
Motspur Park,51.39531966,-0.2394253745,4,KT3 6JJ
Mottingham,51.43982497,0.05033858767,4,SE9 4EN
Mudchute,51.49123619,-0.01494554322,2,E14 9UW
Neasden,51.55462775,-0.2501006238,3,NW10 1PH
New Addington,51.34259051,-0.01736897203,5,CR0 0DE
New Barnet,51.64853679,-0.1729552626,5,EN5 1QT
New Beckenham,51.41670555,-0.03529057107,4,BR3 1QW
New Cross,51.47642942,-0.03226441449,2,SE14 6LD
New Cross Gate,51.47526493,-0.0395146553,2,SE14 6AR
New Eltham,51.43769065,0.07045900321,4,SE9 2AB
New Malden,51.40355594,-0.2562037322,4,KT3 4PX
New Southgate,51.61409368,-0.1429953356,4,N11 1QH
Newbury Park,51.57563834,0.09031758601,4,IG2 7RN
Norbiton,51.41190939,-0.2841855713,5,KT2 7AZ
Norbury,51.41118852,-0.1227850254,3,SW16 3RW
North Acton,51.52343246,-0.2597151162,3,W3 6UP
North Dulwich,51.45448182,-0.08790429062,3,SE21 7BX
North Ealing,51.51762232,-0.2889791428,3,W5 3AF
North Greenwich,51.50025515,0.003600663637,3,SE10 0PH
North Harrow,51.58463134,-0.3626185624,5,HA2 7SR
North Sheen,51.46541965,-0.2863830734,3,TW9 4QA
North Wembley,51.56239633,-0.3039337954,4,HA0 3NT
Northfields,51.50049171,-0.3150504144,3,W13 9QU
Northolt,51.54821295,-0.3684261762,5,UB5 4AA
Northolt Park,51.55761909,-0.359419774,5,UB5 4XE
Northwick Park,51.57850873,-0.3181849629,4,HA3 0AT
Northwood,51.61121366,-0.4238233475,6,HA6 2XL
Northwood Hills,51.6008027,-0.4092969219,6,HA6 1NZ
Norwood Junction,51.39695433,-0.07519548448,4,SE25 5AG
Notting Hill Gate,51.50937536,-0.1959072111,1,W11 3HT
Nunhead,51.46657999,-0.05366534874,2,SE15 3XE
Oakleigh Park,51.63767638,-0.1661805187,4,EN5 1BU
Oakwood,51.64763798,-0.1318390887,5,N14 4UT
Ockendon,51.52198961,0.2904978862,7,RM15 6PD
Old Street,51.52558148,-0.08760854534,1,EC1V 9NR
Orpington,51.37352004,0.08904326617,6,BR6 0SX
Osterley,51.48121685,-0.3520816978,4,TW7 4PU
Oval,51.48141261,-0.1133066773,2,SE11 4PP
Oxford Circus,51.51522342,-0.1408217621,1,W1C 2JS
Paddington,51.51539381,-0.1757223428,1,W2 1RH
Palmers Green,51.61878676,-0.1102580581,4,N13 4PN
Park Royal,51.52683405,-0.284914505,3,W5 3EL
Parsons Green,51.47496018,-0.2011100959,2,SW6 4HU
Peckham Rye,51.46951137,-0.06996915836,2,SE15 5DQ
Penge East,51.41997536,-0.05448088554,4,SE20 7BQ
Penge West,51.41806294,-0.06063138588,4,SE20 8NU
Perivale,51.53634186,-0.3230560063,4,UB6 7NP
Petts Wood,51.38859898,0.07449439919,5,BR5 1LZ
Phipps Bridge,51.40337675,-0.1822824149,5,CR4 3QN
Piccadilly Circus,51.50969676,-0.1336971897,1,W1J 9HS
Pimlico,51.48955288,-0.1330938573,1,SW1V 2JA
Pinner,51.59236172,-0.3812093569,5,HA5 5LZ
Plaistow,51.53128833,0.01779505628,3,E13 0DY
Plumstead,51.48979241,0.08431401775,4,SE18 7EA
Ponders End,51.6427307,-0.03451065493,5,EN3 4LA
Pontoon Dock,51.50221621,0.03334011261,3,E16 2SB
Poplar,51.50758807,-0.01726108648,2,E14 0DS
Preston Road,51.57210376,-0.2949575855,4,HA3 0PS
Prince Regent,51.50943455,0.03350298145,3,E16 3HE
Pudding Mill Lane,51.53432786,-0.01275409669,2,E15 2PH
Purfleet,51.48117298,0.2367892342,7,RM16 1PL
Purley,51.33736357,-0.1135991644,6,CR8 2AP
Purley Oaks,51.34698935,-0.09880097665,6,CR2 0ND
Putney,51.46095256,-0.2165889815,3,SW15 1RT
Putney Bridge,51.46786536,-0.2093510226,2,SW6 3UH
Queens Park,51.53431268,-0.2047837342,2,NW6 6HJ
Queens Road Peckham,51.47428472,-0.05734058253,2,SE15 2JR
Queensbury,51.59388301,-0.2863171635,4,HA8 5NP
Queenstown Road,51.47495914,-0.1473409156,2,SW8 3RX
Queensway,51.51044926,-0.1874054954,1,W2 4SS
Radlett,51.68541331,-0.3179731707,7,WD7 7AP
Rainham,51.51734049,0.1907063853,6,RM13 9YH
Ravensbourne,51.41387038,-0.006923438173,4,BR3 5HE
Ravenscourt Park,51.49406801,-0.2359548307,2,W6 0UG
Rayners Lane,51.57539678,-0.3710463858,5,HA5 5EG
Raynes Park,51.40937537,-0.2298985635,4,SW20 8NE
Rectory Road,51.55876348,-0.06837124175,2,N16 7QB
Redbridge,51.57636691,0.04540847251,4,IG4 5BG
Reedham,51.33144173,-0.1233882729,6,CR8 2DG
Reeves Corner,51.37527721,-0.106365413,5,CR0 1XP
Regents Park,51.52381069,-0.145329999,1,NW1 5HA
Richmond,51.46323292,-0.3017247413,4,TW9 2AZ
Rickmansworth,51.64032307,-0.4736701358,7,WD3 1QY
Riddlesdown,51.33267484,-0.09947931554,6,CR8 1HN
Roding Valley,51.61695644,0.04404064842,4,IG9 6LN
Romford,51.57464157,0.1830697002,6,RM1 1SX
Rotherhithe,51.50159451,-0.05295189148,2,SE16 4LF
Royal Albert,51.50849386,0.04519155217,3,E16 2QD
Royal Oak,51.51829438,-0.1888092635,2,W2 6ET
Royal Victoria,51.50905523,0.01797981985,3,E16 1DE
Ruislip,51.57216197,-0.4212204991,6,HA4 8LD
Ruislip Gardens,51.55996023,-0.4092796881,5,HA4 6LG
Ruislip Manor,51.57345162,-0.4128349271,6,HA4 9AA
Russell Square,51.52301305,-0.1245757861,1,WC1N 1LG
Sanderstead,51.34824626,-0.09369414325,6,CR2 0PL
Sandilands,51.37502228,-0.07801222459,6,CR0 5PN
Selhurst,51.39218578,-0.08988466654,4,SE25 6LL
Seven Kings,51.56399334,0.09633399935,4,IG3 8RE
Seven Sisters,51.58336217,-0.07245239206,3,N15 5LA
Shadwell,51.51130016,-0.05690479914,2,E1 2QE
Shenfield,51.63087306,0.3299667099,7,CM15 8JD
Shepherds Bush,51.50453218,-0.2185047537,2,W12 8LH
Shepherds Bush Market,51.50588074,-0.2273860872,2,W12 7JD
Shoreditch High Street,51.52346683,-0.07707301285,1,E1 6AW
Shortlands,51.40560237,0.002781919156,4,BR2 0JA
Sidcup,51.43439844,0.1033297429,5,DA15 7AW
Silver Street,51.61524249,-0.0725753007,4,N18 1QX
Slade Green,51.46774763,0.1905327817,6,DA8 2NX
Sloane Square,51.49235978,-0.1564744555,1,SW1W 8BB
Smitham,51.32245297,-0.1343327085,6,CR5 2JA
Snaresbrook,51.58089127,0.02147835776,4,E11 1QE
South Acton,51.49968586,-0.2702008033,3,W3 0DS
South Bermondsey,51.48767662,-0.05474042069,2,SE16 2PL
South Croydon,51.36275021,-0.09250300195,5,CR2 7PA
South Ealing,51.50164406,-0.3070258402,3,W5 4QB
South Hampstead,51.54147687,-0.1783567825,2,NW8 0DJ
South Harrow,51.56468021,-0.3518795464,5,HA2 8HN
South Kensington,51.49407139,-0.1739086206,1,SW7 2NB
South Kenton,51.57104449,-0.3081285506,4,HA9 8QT
South Merton,51.40324058,-0.2055359274,4,SW20 9JT
South Quay,51.50086361,-0.01844628798,2,E14 9SH
South Ruislip,51.55689035,-0.3991014882,5,HA4 6TP
South Tottenham,51.58040259,-0.07184152678,3,N15 6ND
South Wimbledon,51.41536073,-0.1919601685,4,SW19 1DE
South Woodford,51.59155261,0.02795751168,4,E18 1JJ
Southall,51.50595696,-0.3786967838,4,UB2 4AA
Southbury,51.64843373,-0.05296885916,5,EN3 4HW
Southfields,51.44488334,-0.2065949986,3,SW18 5RJ
Southgate,51.63237586,-0.127755601,4,N14 5BH
Southwark,51.50385363,-0.1057805339,1,SE1 8NW
St Helier,51.38991219,-0.1990002222,4,SM4 6SF
St James Street,51.58060867,-0.03279013185,3,E17 7PJ
St Johns,51.4689753,-0.02322626717,2,SE8 4EW
St Margarets,51.45520603,-0.3213098578,4,TW1 2LH
St Mary Cray,51.39475939,0.1072322709,6,BR5 3SN
St Pancras,51.53055442,-0.1254913679,1,NW1 2QP
St. James's Park,51.49960981,-0.1338643511,1,SW1H 0BD
St. Johns Wood,51.53485443,-0.1740504251,2,NW8 6DN
St. Pauls,51.51483531,-0.09755659157,1,EC2V 6AA
Stamford Brook,51.49445,-0.245231907,2,W6 0SB
Stamford Hill,51.57444761,-0.07665391398,3,N16 5AG
Stanmore,51.61967348,-0.3030848509,5,HA7 4PD
Star Lane,51.52060425,0.004205413555,3,E16 4SR
Stepney Green,51.52199584,-0.04736811196,2,E1 4AQ
Stockwell,51.47215927,-0.1228319086,2,SW9 9AE
Stoke Newington,51.56463762,-0.07232096985,2,N16 6YA
Stonebridge Park,51.54398659,-0.2753860234,3,NW10 0RW
Stoneleigh,51.36336408,-0.2486952957,5,KT17 2JA
Stratford,51.54169258,-0.003737223442,3,E15 1AZ
Stratford High Street,51.53814895,-0.001065939537,3,E15 3PA
Stratford International,51.54480854,-0.008764015446,3,E15 2LZ
Strawberry Hill,51.43974787,-0.3396033459,5,TW1 4PP
Streatham,51.42584588,-0.1323111157,3,SW16 6HP
Streatham Common,51.41898469,-0.1357117862,3,SW16 5NT
Streatham Hill,51.43846038,-0.1276670964,3,SW2 4PA
Sudbury and Harrow Road,51.55449382,-0.3159118203,4,HA0 2HA
Sudbury Hill,51.5573396,-0.3363776928,4,HA1 3RA
Sudbury Hill Harrow,51.55834231,-0.3354322705,4,HA1 3RJ
Sudbury Town,51.55139748,-0.3163290653,4,HA0 2LA
Sundridge Park,51.4133938,0.02037948621,4,BR1 3TR
Surbiton,51.39259957,-0.3043701893,6,KT6 4PE
Surrey Quays,51.49326686,-0.04751558535,2,SE16 2UE
Sutton,51.35950616,-0.1912876509,5,SM1 1JA
Sutton Common,51.37555472,-0.1969055471,4,SM1 3HY
Swiss Cottage,51.54303487,-0.1756121865,2,NW3 6HY
Sydenham,51.42734126,-0.05507428936,3,SE26 5EU
Sydenham Hill,51.4325759,-0.08021582466,3,SE21 7HW
Syon Lane,51.48147473,-0.3264806362,4,TW7 5NT
Tadworth,51.29162789,-0.2359936768,6,KT20 5SP
Tattenham Corner,51.30918134,-0.2425519283,6,KT18 5PR
Teddington,51.42449754,-0.3326909566,6,TW11 9AA
Temple,51.51104062,-0.1137113424,1,WC2R 2PH
Thames Ditton,51.38861611,-0.3382784684,6,KT7 0PA
Theobalds Grove,51.69237259,-0.03473366902,7,EN8 7BG
Therapia Lane,51.38568581,-0.1290027384,6,CR0 3DD
Theydon Bois,51.67255207,0.1029051953,6,CM16 7EU
Thornton Heath,51.39848109,-0.1004187926,4,CR7 8RX
Tolworth,51.37684335,-0.2796057494,5,KT5 9NU
Tooting,51.41989665,-0.1609880929,3,SW17 9JR
Tooting Bec,51.43583808,-0.1596861081,3,SW17 9AH
Tooting Broadway,51.42704916,-0.168670146,3,SW17 0SU
Tottenham Court Road,51.51621089,-0.1310960294,1,W1D 2DA
Tottenham Hale,51.58799779,-0.06017339047,3,N17 9LR
Totteridge and Whetstone,51.63024674,-0.1793398175,4,N20 9QP
Tower Gateway,51.51039265,-0.07439546953,1,EC3N 1JL
Tower Hill,51.51039428,-0.07668679076,1,EC3N 4DJ
Tufnell Park,51.55644081,-0.1377277529,2,N19 5QB
Tulse Hill,51.43979744,-0.1051081236,3,SE27 9BW
Turkey Street,51.67265367,-0.04721547225,6,EN3 5TT
Turnham Green,51.49518197,-0.2545101653,2,W4 1LR
Turnpike Lane,51.59035815,-0.1027906082,3,N15 3NX
Twickenham,51.45025099,-0.3288458378,5,TW1 1BD
Upminster,51.55876333,0.2514152239,6,RM14 2TD
Upminster Bridge,51.55771877,0.2345563112,6,RM12 6PL
Upney,51.53840563,0.1015461606,4,IG11 9LS
Upper Holloway,51.56362332,-0.1290949392,2,N19 4DJ
Upper Warlingham,51.30877226,-0.07746731742,6,CR3 0EP
Upton Park,51.5366282,0.03455625563,3,E13 9AP
Uxbridge,51.54645456,-0.4770871411,6,UB8 1JZ
Vauxhall,51.48573582,-0.1238155529,2,SW8 1SR
Victoria,51.49642397,-0.1439063031,1,SW1E 5JX
Waddon,51.36737927,-0.1173797138,5,CR0 4NA
Waddon Marsh,51.37708297,-0.1179730991,5,CR0 4XT
Wallington,51.36033156,-0.1508494746,5,SM6 0DZ
Waltham Cross,51.68525726,-0.02654979413,7,EN8 7LU
Walthamstow Central,51.58301812,-0.01992611437,3,E17 7LP
Walthamstow Queens Road,51.58154619,-0.02382951314,3,E17 7QZ
Wandle Park,51.37340073,-0.1132389565,5,CR0 4JS
Wandsworth Common,51.44636562,-0.1635225935,3,SW12 8NL
Wandsworth Road,51.47022322,-0.1390232807,2,SW8 4PA
Wandsworth Town,51.4610341,-0.1878956456,2,SW18 1SU
Wanstead,51.57490215,0.02877490047,4,E11 2NT
Wanstead Park,51.55177807,0.02640436378,3,E7 0HU
Wapping,51.50434032,-0.05584640874,2,E1W 3PA
Warren Street,51.52458001,-0.1382639195,1,NW1 3AA
Warwick Avenue,51.52310446,-0.1829388814,2,W9 2PT
Waterloo,51.50314665,-0.1132448466,1,SE1 7NY
Watford,51.65760515,-0.4172555529,7,WD18 7LE
Watford High Street,51.65265375,-0.3916822769,8,WD17 2EG
Watford Junction,51.66388306,-0.3961575012,7,WD17 1ET
Wellesley Road,51.37536755,-0.09751054335,6,CR0 2DD
Welling,51.46477708,0.1017894318,4,DA16 3AT
Wembley Central,51.55186482,-0.2963779064,4,HA9 6AG
Wembley Park,51.56332249,-0.2792281284,4,HA9 9AA
Wembley Stadium,51.55465461,-0.2860320252,4,HA9 8BQ
West Acton,51.51777018,-0.2806427656,3,W3 6UP
West Brompton,51.48732894,-0.1955244115,2,SW5 9JX
West Croydon,51.37855219,-0.1020199266,5,CR0 2TA
West Drayton,51.51007128,-0.4721616897,6,UB7 9DY
West Dulwich,51.44091183,-0.09065829056,3,SE21 8HN
West Ealing,51.51362524,-0.3197685461,3,W13 0NQ
West Finchley,51.60926275,-0.1889026707,4,N3 1NT
West Ham,51.52852552,0.005331807259,3,E15 3BN
West Hampstead,51.54747436,-0.1911121662,2,NW6 2LX
West Hampstead Thameslink,51.54862915,-0.1925231,2,NW6 1XJ
West Harrow,51.57892428,-0.3538322681,5,HA1 4HE
West India Quay,51.50676266,-0.02056804059,2,E14 4ED
West Kensington,51.49010939,-0.2061892935,2,W14 9NL
West Norwood,51.43124113,-0.1031747521,3,SE27 0HS
West Ruislip,51.56958792,-0.4378457196,6,HA4 7WD
West Silvertown,51.50288443,0.02226045199,3,E16 2AT
West Sutton,51.36615016,-0.2046301861,5,SM1 2EH
West Wickham,51.3812842,-0.01456196327,5,BR4 0PY
Westbourne Park,51.52098887,-0.2008681042,2,W11 1AB
Westcombe Park,51.48450889,0.01776009979,3,SE3 7EQ
Westferry,51.50963815,-0.02630872967,2,E14 8AD
Westminster,51.50140161,-0.1249876744,1,SW1A 2JR
White City,51.51223246,-0.2246175233,2,W12 7RH
White Hart Lane,51.60503478,-0.0708558892,3,N17 7RP
Whitechapel,51.51958779,-0.05940607459,2,E1 1BY
Whitton,51.44958823,-0.3576676726,5,TW2 7LG
Whyteleafe,51.30992933,-0.08112082053,6,CR3 0AD
Whyteleafe South,51.30348981,-0.07669817189,6,CR3 0BD
Willesden Green,51.54937331,-0.2223931842,2,NW2 4QT
Willesden Junction,51.53223399,-0.2438947288,3,NW10 4RA
Wimbledon,51.42110787,-0.2066484564,3,SW19 1PS
Wimbledon Chase,51.40953096,-0.2140753938,3,SW20 8DB
Wimbledon Park,51.43458098,-0.1991718915,3,SW19 7DZ
Winchmore Hill,51.63388687,-0.1009024866,4,N21 3NG
Wood Green,51.59745374,-0.1095121543,3,N22 8HH
Wood Lane,51.50965822,-0.2244582013,2,W12 7DS
Wood Street,51.58666994,-0.001939466202,4,E17 3NZ
Woodford,51.60720184,0.03407064066,4,IG8 7QE
Woodgrange Park,51.54905253,0.04458691601,4,E7 8AA
Woodmansterne,51.3190186,-0.1542477809,6,CR5 3HS
Woodside,51.38709769,-0.06533280914,5,SE25 5DP
Woodside Park,51.61786842,-0.1854110631,4,N12 8SE
Woolwich Arsenal,51.48990711,0.06920830765,4,SE18 6HX
Woolwich Dockyard,51.49110779,0.05462674994,3,SE18 5JY
Worcester Park,51.38110452,-0.2455609248,4,KT4 7ND